{"type":"header","name":"Header","sections":{"header_section":{"type":"header","blocks":{"header-logo":{"type":"_header-logo","static":true,"settings":{"hide_logo_on_home_page":false,"padding-block-start":16,"padding-block-end":16,"padding-inline-start":10,"padding-inline-end":10},"blocks":{}},"header-menu":{"type":"_header-menu","static":true,"settings":{"menu":"main-menu","color_scheme":"scheme-3","type_font_primary_size":"1.125rem","menu_font_style":"regular","type_font_primary_link":"subheading","type_case_primary_link":"none","menu_style":"featured_products","featured_products_aspect_ratio":"4 \/ 5","featured_collections_aspect_ratio":"16 \/ 9","image_border_radius":0,"navigation_bar":true,"color_scheme_navigation_bar":"","drawer_accordion":false,"drawer_accordion_expand_first":false,"drawer_dividers":false},"blocks":{}}},"settings":{"logo_position":"left","menu_position":"left","menu_row":"top","show_search":true,"search_position":"right","search_row":"top","show_country":false,"country_selector_style":true,"show_language":false,"localization_font":"heading","localization_font_size":"1rem","localization_position":"right","localization_row":"top","section_width":"full-width","section_height":"standard","enable_sticky_header":"never","divider_width":0,"divider_size":"page-width","border_width":0,"color_scheme_top":"scheme-1","color_scheme_bottom":"","color_scheme_transparent":"scheme-6","enable_transparent_header_home":false,"home_color_scheme":"default","enable_transparent_header_product":true,"product_color_scheme":"default","enable_transparent_header_collection":true,"collection_color_scheme":"inverse"}},"header_announcements_Byf83R":{"type":"header-announcements","blocks":{"announcement_PyMfbK":{"type":"_announcement","settings":{"text":"Book a  personalized Nutrition Consultation for your dog HERE.","link":"shopify:\/\/products\/consultation","font":"var(--font-body--family)","font_size":"1rem","weight":"","letter_spacing":"normal","case":"none"},"blocks":{}},"announcement_xqE4Hb":{"type":"_announcement","name":"t:names.announcement","settings":{"text":"Free Shipping for  Orders Over $165.00","link":"","font":"var(--font-body--family)","font_size":"1rem","weight":"","letter_spacing":"normal","case":"none"},"blocks":{}}},"block_order":["announcement_PyMfbK","announcement_xqE4Hb"],"name":"t:names.announcement_bar","settings":{"speed":5,"section_width":"page-width","color_scheme":"scheme-2","divider_width":0,"padding-block-start":15,"padding-block-end":15}}},"order":["header_section","header_announcements_Byf83R"]}