{"current":{"logo":"shopify:\/\/shop_images\/Waggin_Meals_Logo_No_Name_a45c291e-3492-4435-9d0b-2c188aa011ab.png","logo_height":100,"logo_height_mobile":35,"type_body_font":"inter_n4","type_subheading_font":"barlow_condensed_n6","type_heading_font":"barlow_condensed_n6","type_accent_font":"barlow_condensed_n6","type_size_paragraph":"16","type_line_height_paragraph":"body-normal","type_case_h1":"uppercase","type_size_h2":"48","type_line_height_h2":"display-tight","type_case_h2":"uppercase","type_case_h3":"uppercase","type_case_h4":"uppercase","type_case_h5":"uppercase","type_case_h6":"uppercase","page_width":"normal","page_transition_enabled":true,"transition_to_main_product":true,"card_hover_effect":"subtle-zoom","badge_corner_radius":10,"badge_sale_color_scheme":"scheme-f7e71b80-7f2f-4722-b8f7-6be8cbb34607","badge_sold_out_color_scheme":"scheme-f7e71b80-7f2f-4722-b8f7-6be8cbb34607","button_border_radius_primary":0,"type_font_button_primary":"accent","button_text_case_primary":"uppercase","secondary_button_border_width":0,"button_border_radius_secondary":0,"cart_type":"drawer","auto_open_cart_drawer":true,"show_cart_note":true,"cart_thumbnail_border":"solid","drawer_color_scheme":"scheme-f7e71b80-7f2f-4722-b8f7-6be8cbb34607","inputs_border_radius":0,"popover_color_scheme":"scheme-f7e71b80-7f2f-4722-b8f7-6be8cbb34607","popover_border_radius":0,"popover_border":"none","currency_code_enabled_product_cards":true,"quick_add_color_scheme":"scheme-f7e71b80-7f2f-4722-b8f7-6be8cbb34607","show_second_image_on_hover":false,"variant_swatch_radius":0,"variant_button_radius":0,"variant_button_width":"equal-width-buttons","content_for_index":[],"blocks":{"3886181796285292942":{"type":"shopify:\/\/apps\/cowlendar-booking-appointment\/blocks\/app-embed\/6d8b8f6a-9b3c-42b8-b2e6-a758c38d45bf","disabled":false,"settings":{}}},"color_schemes":{"scheme-1":{"settings":{"background":"#fef9f2","foreground_heading":"#000000","foreground":"#000000","primary":"#a42325","primary_hover":"#000000","border":"#e6e6e6","shadow":"#000000","primary_button_background":"#a42325","primary_button_text":"#ffffff","primary_button_border":"#a42325","primary_button_hover_background":"#780406e8","primary_button_hover_text":"#ffffff","primary_button_hover_border":"#000000","secondary_button_background":"#0000000f","secondary_button_text":"#000000","secondary_button_border":"#a42325","secondary_button_hover_background":"#dedede","secondary_button_hover_text":"#000000","secondary_button_hover_border":"#000000","input_background":"#ffffff","input_text_color":"#000000","input_border_color":"#e6e6e6","input_hover_background":"#f5f5f5","variant_background_color":"#ffffff","variant_text_color":"#000000","variant_border_color":"#e6e6e6","variant_hover_background_color":"#f5f5f5","variant_hover_text_color":"#000000","variant_hover_border_color":"#e6e6e6","selected_variant_background_color":"#000000","selected_variant_text_color":"#ffffff","selected_variant_border_color":"#000000","selected_variant_hover_background_color":"#1a1a1a","selected_variant_hover_text_color":"#ffffff","selected_variant_hover_border_color":"#1a1a1a"}},"scheme-2":{"settings":{"background":"#c9e9d2","foreground_heading":"#000000","foreground":"#000000","primary":"#000000","primary_hover":"#000000","border":"#e6e6e6","shadow":"#000000","primary_button_background":"#789dbc","primary_button_text":"#f2f2f2","primary_button_border":"#789dbc","primary_button_hover_background":"#a42325","primary_button_hover_text":"#f2f2f2","primary_button_hover_border":"#a42325","secondary_button_background":"#ffffff","secondary_button_text":"#000000","secondary_button_border":"#000000","secondary_button_hover_background":"#ffffff","secondary_button_hover_text":"#a42325","secondary_button_hover_border":"#a42325","input_background":"#f2f2f2","input_text_color":"#000000","input_border_color":"#000000","input_hover_background":"#e4e4e4","variant_background_color":"#ffffff","variant_text_color":"#000000","variant_border_color":"#e6e6e6","variant_hover_background_color":"#f5f5f5","variant_hover_text_color":"#000000","variant_hover_border_color":"#e6e6e6","selected_variant_background_color":"#000000","selected_variant_text_color":"#ffffff","selected_variant_border_color":"#000000","selected_variant_hover_background_color":"#1a1a1a","selected_variant_hover_text_color":"#ffffff","selected_variant_hover_border_color":"#1a1a1a"}},"scheme-3":{"settings":{"background":"#cde1f2","foreground_heading":"#000000","foreground":"#000000","primary":"#c9e9d2","primary_hover":"#000000","border":"#d0d0d0","shadow":"#000000","primary_button_background":"#c9e9d2","primary_button_text":"#ffffff","primary_button_border":"#780406e8","primary_button_hover_background":"#000000","primary_button_hover_text":"#ffffff","primary_button_hover_border":"#000000","secondary_button_background":"#e8d5c7","secondary_button_text":"#000000","secondary_button_border":"#333232","secondary_button_hover_background":"#f1e3d9c4","secondary_button_hover_text":"#000000","secondary_button_hover_border":"#000000","input_background":"#e8d5c7","input_text_color":"#000000","input_border_color":"#000000","input_hover_background":"#f1e3d9c4","variant_background_color":"#e8d5c7","variant_text_color":"#000000","variant_border_color":"#585858","variant_hover_background_color":"#f1e3d9c4","variant_hover_text_color":"#000000","variant_hover_border_color":"#000000","selected_variant_background_color":"#000000","selected_variant_text_color":"#ffffff","selected_variant_border_color":"#000000","selected_variant_hover_background_color":"#1a1a1a","selected_variant_hover_text_color":"#ffffff","selected_variant_hover_border_color":"#1a1a1a"}},"scheme-4":{"settings":{"background":"#167544","foreground_heading":"#ffffff","foreground":"#ffffff","primary":"#a42325","primary_hover":"#a42325","border":"#000000","shadow":"#000000","primary_button_background":"#ffffff","primary_button_text":"#a42325","primary_button_border":"#ffffff","primary_button_hover_background":"#d76668","primary_button_hover_text":"#ffffff","primary_button_hover_border":"#d76668","secondary_button_background":"#a42325","secondary_button_text":"#ffffff","secondary_button_border":"#ffffff","secondary_button_hover_background":"#d76668","secondary_button_hover_text":"#ffffff","secondary_button_hover_border":"#d76668","input_background":"#a42325","input_text_color":"#ffffff","input_border_color":"#ffffffe3","input_hover_background":"#780406e8","variant_background_color":"#a42325","variant_text_color":"#ffffff","variant_border_color":"#e6e6e6","variant_hover_background_color":"#f5f5f5","variant_hover_text_color":"#000000","variant_hover_border_color":"#e6e6e6","selected_variant_background_color":"#000000","selected_variant_text_color":"#ffffff","selected_variant_border_color":"#000000","selected_variant_hover_background_color":"#1a1a1a","selected_variant_hover_text_color":"#ffffff","selected_variant_hover_border_color":"#1a1a1a"}},"scheme-5":{"settings":{"background":"#000000","foreground_heading":"#ffffff","foreground":"#ffffff","primary":"#000000","primary_hover":"#000000","border":"#666666","shadow":"#000000","primary_button_background":"#ffffff","primary_button_text":"#000000","primary_button_border":"#ffffff","primary_button_hover_background":"#dedede","primary_button_hover_text":"#000000","primary_button_hover_border":"#dedede","secondary_button_background":"#000000","secondary_button_text":"#ffffff","secondary_button_border":"#ffffff","secondary_button_hover_background":"#000000","secondary_button_hover_text":"#acacac","secondary_button_hover_border":"#acacac","input_background":"#000000","input_text_color":"#ffffff","input_border_color":"#ffffff","input_hover_background":"#333232","variant_background_color":"#000000","variant_text_color":"#ffffff","variant_border_color":"#ffffff","variant_hover_background_color":"#f5f5f5","variant_hover_text_color":"#000000","variant_hover_border_color":"#e6e6e6","selected_variant_background_color":"#ffffff","selected_variant_text_color":"#000000","selected_variant_border_color":"#ffffff","selected_variant_hover_background_color":"#ffffff30","selected_variant_hover_text_color":"#ffffff","selected_variant_hover_border_color":"#000000"}},"scheme-6":{"settings":{"background":"rgba(0,0,0,0)","foreground_heading":"#000000","foreground":"#ffffff","primary":"#ffffff","primary_hover":"#ffffff","border":"rgba(0,0,0,0)","shadow":"rgba(0,0,0,0)","primary_button_background":"#ffffff","primary_button_text":"#000000","primary_button_border":"#ffffff","primary_button_hover_background":"#dedede","primary_button_hover_text":"#000000","primary_button_hover_border":"#dedede","secondary_button_background":"rgba(0,0,0,0)","secondary_button_text":"#ffffff","secondary_button_border":"#ffffff","secondary_button_hover_background":"rgba(0,0,0,0)","secondary_button_hover_text":"#acacac","secondary_button_hover_border":"#acacac","input_background":"#ffffff","input_text_color":"#000000","input_border_color":"#000000","input_hover_background":"#f5f5f5","variant_background_color":"#ffffff","variant_text_color":"#000000","variant_border_color":"#e6e6e6","variant_hover_background_color":"#f5f5f5","variant_hover_text_color":"#000000","variant_hover_border_color":"#e6e6e6","selected_variant_background_color":"#000000","selected_variant_text_color":"#ffffff","selected_variant_border_color":"#000000","selected_variant_hover_background_color":"#1a1a1a","selected_variant_hover_text_color":"#ffffff","selected_variant_hover_border_color":"#1a1a1a"}},"scheme-7":{"settings":{"background":"rgba(0,0,0,0)","foreground_heading":"#a42325","foreground":"#000000","primary":"#000000","primary_hover":"#00000087","border":"#e6e6e6","shadow":"#000000","primary_button_background":"#000000","primary_button_text":"#ffffff","primary_button_border":"#000000","primary_button_hover_background":"#333333","primary_button_hover_text":"#ffffff","primary_button_hover_border":"#333333","secondary_button_background":"#0000000f","secondary_button_text":"#000000","secondary_button_border":"#000000","secondary_button_hover_background":"#ffffff","secondary_button_hover_text":"#000000","secondary_button_hover_border":"#ffffff","input_background":"#ffffff","input_text_color":"#00000087","input_border_color":"#00000021","input_hover_background":"#f5f5f5","variant_background_color":"#ffffff","variant_text_color":"#000000","variant_border_color":"#e6e6e6","variant_hover_background_color":"#f5f5f5","variant_hover_text_color":"#000000","variant_hover_border_color":"#e6e6e6","selected_variant_background_color":"#000000","selected_variant_text_color":"#ffffff","selected_variant_border_color":"#000000","selected_variant_hover_background_color":"#1a1a1a","selected_variant_hover_text_color":"#ffffff","selected_variant_hover_border_color":"#1a1a1a"}},"scheme-f7e71b80-7f2f-4722-b8f7-6be8cbb34607":{"settings":{"background":"#ffffff","foreground_heading":"#1c895b","foreground":"#000000","primary":"#a5b5eb","primary_hover":"#000000","border":"#e6e6e6","shadow":"#000000","primary_button_background":"#a5b5eb","primary_button_text":"#ffffff","primary_button_border":"#dedede","primary_button_hover_background":"#1c7c54","primary_button_hover_text":"#ffffff","primary_button_hover_border":"#000000","secondary_button_background":"#0000000f","secondary_button_text":"#000000","secondary_button_border":"#a5b5eb","secondary_button_hover_background":"#dedede","secondary_button_hover_text":"#000000","secondary_button_hover_border":"#000000","input_background":"#ffffff","input_text_color":"#000000","input_border_color":"#e6e6e6","input_hover_background":"#f5f5f5","variant_background_color":"#ffffff","variant_text_color":"#000000","variant_border_color":"#e6e6e6","variant_hover_background_color":"#f5f5f5","variant_hover_text_color":"#000000","variant_hover_border_color":"#e6e6e6","selected_variant_background_color":"#000000","selected_variant_text_color":"#ffffff","selected_variant_border_color":"#000000","selected_variant_hover_background_color":"#1a1a1a","selected_variant_hover_text_color":"#ffffff","selected_variant_hover_border_color":"#1a1a1a"}}}},"presets":{"Savor":{"color_schemes":{"scheme-1":{"settings":{"background":"#ffffff","foreground_heading":"#a42325","foreground":"#000000","primary":"#a42325","primary_hover":"#000000","border":"#e6e6e6","shadow":"#000000","primary_button_background":"#a42325","primary_button_text":"#ffffff","primary_button_border":"#a42325","primary_button_hover_background":"#780406e8","primary_button_hover_text":"#ffffff","primary_button_hover_border":"#000000","secondary_button_background":"#0000000f","secondary_button_text":"#000000","secondary_button_border":"#a42325","secondary_button_hover_background":"#dedede","secondary_button_hover_text":"#000000","secondary_button_hover_border":"#000000","input_background":"#ffffff","input_text_color":"#000000","input_border_color":"#e6e6e6","input_hover_background":"#f5f5f5","variant_background_color":"#ffffff","variant_text_color":"#000000","variant_border_color":"#e6e6e6","variant_hover_background_color":"#f5f5f5","variant_hover_text_color":"#000000","variant_hover_border_color":"#e6e6e6","selected_variant_background_color":"#000000","selected_variant_text_color":"#ffffff","selected_variant_border_color":"#000000","selected_variant_hover_background_color":"#1a1a1a","selected_variant_hover_text_color":"#ffffff","selected_variant_hover_border_color":"#1a1a1a"}},"scheme-2":{"settings":{"background":"#f1f1f1","foreground_heading":"#000000","foreground":"#000000","primary":"#000000","primary_hover":"#000000","border":"#e6e6e6","shadow":"#000000","primary_button_background":"#a42325","primary_button_text":"#f2f2f2","primary_button_border":"#a42325","primary_button_hover_background":"#a42325","primary_button_hover_text":"#f2f2f2","primary_button_hover_border":"#a42325","secondary_button_background":"#ffffff","secondary_button_text":"#000000","secondary_button_border":"#000000","secondary_button_hover_background":"#ffffff","secondary_button_hover_text":"#a42325","secondary_button_hover_border":"#a42325","input_background":"#f2f2f2","input_text_color":"#000000","input_border_color":"#000000","input_hover_background":"#e4e4e4","variant_background_color":"#ffffff","variant_text_color":"#000000","variant_border_color":"#e6e6e6","variant_hover_background_color":"#f5f5f5","variant_hover_text_color":"#000000","variant_hover_border_color":"#e6e6e6","selected_variant_background_color":"#000000","selected_variant_text_color":"#ffffff","selected_variant_border_color":"#000000","selected_variant_hover_background_color":"#1a1a1a","selected_variant_hover_text_color":"#ffffff","selected_variant_hover_border_color":"#1a1a1a"}},"scheme-3":{"settings":{"background":"#e8d5c7","foreground_heading":"#000000","foreground":"#000000","primary":"#780406e8","primary_hover":"#000000","border":"#d0d0d0","shadow":"#000000","primary_button_background":"#780406e8","primary_button_text":"#ffffff","primary_button_border":"#780406e8","primary_button_hover_background":"#000000","primary_button_hover_text":"#ffffff","primary_button_hover_border":"#000000","secondary_button_background":"#e8d5c7","secondary_button_text":"#000000","secondary_button_border":"#333232","secondary_button_hover_background":"#f1e3d9c4","secondary_button_hover_text":"#000000","secondary_button_hover_border":"#000000","input_background":"#e8d5c7","input_text_color":"#000000","input_border_color":"#000000","input_hover_background":"#f1e3d9c4","variant_background_color":"#e8d5c7","variant_text_color":"#000000","variant_border_color":"#585858","variant_hover_background_color":"#f1e3d9c4","variant_hover_text_color":"#000000","variant_hover_border_color":"#000000","selected_variant_background_color":"#000000","selected_variant_text_color":"#ffffff","selected_variant_border_color":"#000000","selected_variant_hover_background_color":"#1a1a1a","selected_variant_hover_text_color":"#ffffff","selected_variant_hover_border_color":"#1a1a1a"}},"scheme-4":{"settings":{"background":"#a42325","foreground_heading":"#ffffff","foreground":"#ffffff","primary":"#a42325","primary_hover":"#a42325","border":"#000000","shadow":"#000000","primary_button_background":"#ffffff","primary_button_text":"#a42325","primary_button_border":"#ffffff","primary_button_hover_background":"#d76668","primary_button_hover_text":"#ffffff","primary_button_hover_border":"#d76668","secondary_button_background":"#a42325","secondary_button_text":"#ffffff","secondary_button_border":"#ffffff","secondary_button_hover_background":"#d76668","secondary_button_hover_text":"#ffffff","secondary_button_hover_border":"#d76668","input_background":"#a42325","input_text_color":"#ffffff","input_border_color":"#ffffffe3","input_hover_background":"#780406e8","variant_background_color":"#a42325","variant_text_color":"#ffffff","variant_border_color":"#e6e6e6","variant_hover_background_color":"#f5f5f5","variant_hover_text_color":"#000000","variant_hover_border_color":"#e6e6e6","selected_variant_background_color":"#000000","selected_variant_text_color":"#ffffff","selected_variant_border_color":"#000000","selected_variant_hover_background_color":"#1a1a1a","selected_variant_hover_text_color":"#ffffff","selected_variant_hover_border_color":"#1a1a1a"}},"scheme-5":{"settings":{"background":"#000000","foreground_heading":"#ffffff","foreground":"#ffffff","primary":"#000000","primary_hover":"#000000","border":"#666666","shadow":"#000000","primary_button_background":"#ffffff","primary_button_text":"#000000","primary_button_border":"#ffffff","primary_button_hover_background":"#dedede","primary_button_hover_text":"#000000","primary_button_hover_border":"#dedede","secondary_button_background":"#000000","secondary_button_text":"#ffffff","secondary_button_border":"#ffffff","secondary_button_hover_background":"#000000","secondary_button_hover_text":"#acacac","secondary_button_hover_border":"#acacac","input_background":"#000000","input_text_color":"#ffffff","input_border_color":"#ffffff","input_hover_background":"#333232","variant_background_color":"#000000","variant_text_color":"#ffffff","variant_border_color":"#ffffff","variant_hover_background_color":"#f5f5f5","variant_hover_text_color":"#000000","variant_hover_border_color":"#e6e6e6","selected_variant_background_color":"#ffffff","selected_variant_text_color":"#000000","selected_variant_border_color":"#ffffff","selected_variant_hover_background_color":"#ffffff30","selected_variant_hover_text_color":"#ffffff","selected_variant_hover_border_color":"#000000"}},"scheme-6":{"settings":{"background":"rgba(0,0,0,0)","foreground_heading":"#000000","foreground":"#ffffff","primary":"#ffffff","primary_hover":"#ffffff","border":"rgba(0,0,0,0)","shadow":"rgba(0,0,0,0)","primary_button_background":"#ffffff","primary_button_text":"#000000","primary_button_border":"#ffffff","primary_button_hover_background":"#dedede","primary_button_hover_text":"#000000","primary_button_hover_border":"#dedede","secondary_button_background":"rgba(0,0,0,0)","secondary_button_text":"#ffffff","secondary_button_border":"#ffffff","secondary_button_hover_background":"rgba(0,0,0,0)","secondary_button_hover_text":"#acacac","secondary_button_hover_border":"#acacac","input_background":"#ffffff","input_text_color":"#000000","input_border_color":"#000000","input_hover_background":"#f5f5f5","variant_background_color":"#ffffff","variant_text_color":"#000000","variant_border_color":"#e6e6e6","variant_hover_background_color":"#f5f5f5","variant_hover_text_color":"#000000","variant_hover_border_color":"#e6e6e6","selected_variant_background_color":"#000000","selected_variant_text_color":"#ffffff","selected_variant_border_color":"#000000","selected_variant_hover_background_color":"#1a1a1a","selected_variant_hover_text_color":"#ffffff","selected_variant_hover_border_color":"#1a1a1a"}},"scheme-7":{"settings":{"background":"rgba(0,0,0,0)","foreground_heading":"#a42325","foreground":"#000000","primary":"#000000","primary_hover":"#00000087","border":"#e6e6e6","shadow":"#000000","primary_button_background":"#000000","primary_button_text":"#ffffff","primary_button_border":"#000000","primary_button_hover_background":"#333333","primary_button_hover_text":"#ffffff","primary_button_hover_border":"#333333","secondary_button_background":"#0000000f","secondary_button_text":"#000000","secondary_button_border":"#000000","secondary_button_hover_background":"#ffffff","secondary_button_hover_text":"#000000","secondary_button_hover_border":"#ffffff","input_background":"#ffffff","input_text_color":"#00000087","input_border_color":"#00000021","input_hover_background":"#f5f5f5","variant_background_color":"#ffffff","variant_text_color":"#000000","variant_border_color":"#e6e6e6","variant_hover_background_color":"#f5f5f5","variant_hover_text_color":"#000000","variant_hover_border_color":"#e6e6e6","selected_variant_background_color":"#000000","selected_variant_text_color":"#ffffff","selected_variant_border_color":"#000000","selected_variant_hover_background_color":"#1a1a1a","selected_variant_hover_text_color":"#ffffff","selected_variant_hover_border_color":"#1a1a1a"}}}}},"platform_customizations":{"custom_css":["@media screen and (min-width: 990px) {.product__media-wrapper, .product__media {position: relative !important; top: auto !important; align-self: auto !important; } .sticky-media, .product__media-wrapper--sticky {position: static !important; }}","[dir=\"ltr\"] ._1fragemjl {color: #000 !important;}"]}}