{"sections":{"main":{"type":"main-404","blocks":{"text_GqmVFf":{"type":"text","name":"t:names.text","settings":{"text":"<h1>Page not found<\/h1>","width":"100%","max_width":"normal","alignment":"center","type_preset":"h2","font":"var(--font-body--family)","font_size":"","line_height":"normal","letter_spacing":"normal","case":"none","wrap":"pretty","color":"var(--color-foreground)","background":false,"background_color":"#00000026","corner_radius":0,"padding-block-start":0,"padding-block-end":0,"padding-inline-start":0,"padding-inline-end":0},"blocks":{}},"text_Ua9XAW":{"type":"text","name":"t:names.text","settings":{"text":"<p>The link may be incorrect, or the page has been removed. <\/p>","width":"100%","max_width":"normal","alignment":"center","type_preset":"rte","font":"var(--font-body--family)","font_size":"","line_height":"normal","letter_spacing":"normal","case":"none","wrap":"pretty","color":"var(--color-foreground)","background":false,"background_color":"#00000026","corner_radius":0,"padding-block-start":0,"padding-block-end":16,"padding-inline-start":0,"padding-inline-end":0},"blocks":{}},"button_PAQMwR":{"type":"button","name":"t:names.button","settings":{"label":"Continue shopping","link":"shopify:\/\/collections\/all","open_in_new_tab":false,"style_class":"button","width":"fit-content","custom_width":100,"width_mobile":"fit-content","custom_width_mobile":100},"blocks":{}}},"block_order":["text_GqmVFf","text_Ua9XAW","button_PAQMwR"],"settings":{"content_direction":"column","section_width":"page-width","section_height":"small","horizontal_alignment_flex_direction_column":"center","vertical_alignment_flex_direction_column":"center","gap":20,"color_scheme":"","padding-block-start":100,"padding-block-end":100}},"product_list_dFVKeV":{"type":"product-list","blocks":{"static-header":{"type":"_product-list-content","static":true,"settings":{"content_direction":"column","vertical_on_mobile":true,"horizontal_alignment":"flex-start","vertical_alignment":"center","align_baseline":false,"horizontal_alignment_flex_direction_column":"flex-start","vertical_alignment_flex_direction_column":"center","gap":12,"width":"fill","custom_width":100,"width_mobile":"fill","custom_width_mobile":100,"height":"fit","custom_height":100,"inherit_color_scheme":true,"color_scheme":"","background_media":"none","video_position":"cover","background_image_position":"cover","border":"none","border_width":1,"border_opacity":100,"border_radius":0,"padding-block-start":0,"padding-block-end":0,"padding-inline-start":0,"padding-inline-end":0},"blocks":{}},"static-product-card":{"type":"_product-card","name":"t:names.product_card","static":true,"settings":{"product_card_gap":0,"inherit_color_scheme":false,"color_scheme":"scheme-2","border":"none","border_width":1,"border_opacity":100,"border_radius":0,"padding-block-start":0,"padding-block-end":0,"padding-inline-start":0,"padding-inline-end":0},"blocks":{"product_card_gallery_z97Ub7":{"type":"_product-card-gallery","name":"t:names.product_card_media","settings":{"image_ratio":"square","border":"solid","border_width":0,"border_opacity":0,"border_radius":0,"padding-block-start":0,"padding-block-end":0,"padding-inline-start":0,"padding-inline-end":0},"blocks":{}},"group_eQNkzg":{"type":"_product-card-group","name":"t:names.group","settings":{"content_direction":"column","vertical_on_mobile":true,"horizontal_alignment":"space-between","vertical_alignment":"flex-start","align_baseline":false,"horizontal_alignment_flex_direction_column":"flex-start","vertical_alignment_flex_direction_column":"space-between","gap":4,"width":"fill","custom_width":100,"width_mobile":"fill","custom_width_mobile":100,"height":"fit","custom_height":100,"inherit_color_scheme":true,"color_scheme":"scheme-2","background_media":"none","video_position":"cover","background_image_position":"cover","border":"none","border_width":1,"border_opacity":100,"border_radius":0,"toggle_overlay":false,"overlay_color":"#00000026","overlay_style":"solid","gradient_direction":"to top","open_in_new_tab":false,"padding-block-start":12,"padding-block-end":12,"padding-inline-start":12,"padding-inline-end":12},"blocks":{"group_666MCP":{"type":"_product-card-group","name":"t:names.group","settings":{"content_direction":"row","vertical_on_mobile":true,"horizontal_alignment":"space-between","vertical_alignment":"center","align_baseline":false,"horizontal_alignment_flex_direction_column":"flex-start","vertical_alignment_flex_direction_column":"flex-start","gap":8,"width":"fill","custom_width":75,"width_mobile":"custom","custom_width_mobile":75,"height":"fit","custom_height":100,"inherit_color_scheme":true,"color_scheme":"","background_media":"none","video_position":"cover","background_image_position":"cover","border":"none","border_width":1,"border_opacity":100,"border_radius":0,"toggle_overlay":false,"overlay_color":"#00000026","overlay_style":"solid","gradient_direction":"to top","open_in_new_tab":false,"padding-block-start":0,"padding-block-end":0,"padding-inline-start":0,"padding-inline-end":0},"blocks":{"product_title_p6DNyf":{"type":"product-title","name":"t:names.product_title","settings":{"width":"fit-content","max_width":"normal","alignment":"left","type_preset":"h5","font":"var(--font-body--family)","font_size":"1rem","line_height":"normal","letter_spacing":"normal","case":"none","wrap":"pretty","color":"var(--color-foreground)","background":false,"background_color":"#00000026","corner_radius":0,"padding-block-start":0,"padding-block-end":0,"padding-inline-start":0,"padding-inline-end":0},"blocks":{}},"price_KjL6iH":{"type":"price","name":"t:names.product_price","settings":{"show_sale_price_first":true,"show_installments":false,"show_tax_info":false,"type_preset":"paragraph","width":"fit-content","alignment":"right","padding-block-start":0,"padding-block-end":0,"padding-inline-start":0,"padding-inline-end":0},"blocks":{}}},"block_order":["product_title_p6DNyf","price_KjL6iH"]},"group_zE4dqY":{"type":"_product-card-group","name":"t:names.group","settings":{"content_direction":"column","vertical_on_mobile":true,"horizontal_alignment":"flex-start","vertical_alignment":"center","align_baseline":false,"horizontal_alignment_flex_direction_column":"flex-start","vertical_alignment_flex_direction_column":"flex-start","gap":12,"width":"fit-content","custom_width":100,"width_mobile":"fill","custom_width_mobile":25,"height":"fit","custom_height":100,"inherit_color_scheme":true,"color_scheme":"","background_media":"none","video_position":"cover","background_image_position":"cover","border":"none","border_width":1,"border_opacity":100,"border_radius":0,"toggle_overlay":false,"overlay_color":"#00000026","overlay_style":"solid","gradient_direction":"to top","open_in_new_tab":false,"padding-block-start":0,"padding-block-end":0,"padding-inline-start":0,"padding-inline-end":0},"blocks":{"text_cWeQ6F":{"type":"text","name":"t:names.text","settings":{"text":"<p>{{ closest.product.metafields.descriptors.subtitle.value }}<\/p>","width":"100%","max_width":"none","alignment":"left","type_preset":"paragraph","font":"var(--font-primary--family)","font_size":"var(--font-size--body-md)","line_height":"normal","letter_spacing":"normal","case":"none","wrap":"pretty","color":"","background":false,"background_color":"#00000026","corner_radius":0,"padding-block-start":0,"padding-block-end":0,"padding-inline-start":0,"padding-inline-end":0},"blocks":{}}},"block_order":["text_cWeQ6F"]}},"block_order":["group_666MCP","group_zE4dqY"]}},"block_order":["product_card_gallery_z97Ub7","group_eQNkzg"]}},"name":"t:names.products_grid","settings":{"collection":"all","layout_type":"grid","carousel_on_mobile":false,"max_products":3,"columns":3,"mobile_columns":"1","columns_gap":1,"rows_gap":1,"icons_style":"arrow","icons_shape":"none","section_width":"full-width","horizontal_alignment":"flex-start","gap":0,"color_scheme":"scheme-1","padding-block-start":0,"padding-block-end":1}}},"order":["main","product_list_dFVKeV"]}