{"sections":{"section":{"type":"section","blocks":{"text_tqQTNE":{"type":"text","settings":{"text":"<p>{{ closest.collection.title }}<\/p>","width":"100%","max_width":"normal","alignment":"left","type_preset":"h2","font":"var(--font-primary--family)","font_size":"","line_height":"normal","letter_spacing":"normal","case":"none","wrap":"pretty","color":"","background":false,"background_color":"#00000026","corner_radius":0,"padding-block-start":100,"padding-block-end":0,"padding-inline-start":40,"padding-inline-end":0},"blocks":{}}},"block_order":["text_tqQTNE"],"name":"Collection header","settings":{"content_direction":"row","vertical_on_mobile":true,"horizontal_alignment":"flex-start","vertical_alignment":"center","align_baseline":false,"horizontal_alignment_flex_direction_column":"flex-start","vertical_alignment_flex_direction_column":"center","gap":12,"section_width":"full-width","section_height":"","section_height_custom":50,"color_scheme":"scheme-f7e71b80-7f2f-4722-b8f7-6be8cbb34607","background_media":"image","video_position":"cover","background_image":"shopify:\/\/shop_images\/small-dog.jpg","background_image_position":"cover","border":"none","border_width":1,"border_opacity":100,"border_radius":0,"toggle_overlay":true,"overlay_color":"#00000061","overlay_style":"solid","gradient_direction":"to top","padding-block-start":100,"padding-block-end":32}},"main":{"type":"main-collection","blocks":{"filters":{"type":"filters","static":true,"settings":{"enable_filtering":true,"filter_style":"horizontal","filter_width":"full-width","text_label_case":"default","show_swatch_label":false,"show_filter_label":false,"enable_sorting":true,"enable_grid_density":false,"inherit_color_scheme":false,"color_scheme":"scheme-f7e71b80-7f2f-4722-b8f7-6be8cbb34607","padding-block-start":8,"padding-block-end":8,"padding-inline-start":40,"padding-inline-end":40,"facets_margin_bottom":0,"facets_margin_right":0},"blocks":{}},"product-card":{"type":"_product-card","static":true,"settings":{"product_card_gap":10,"inherit_color_scheme":false,"color_scheme":"scheme-2","border":"none","border_width":1,"border_opacity":100,"border_radius":0,"padding-block-start":10,"padding-block-end":10,"padding-inline-start":10,"padding-inline-end":10},"blocks":{"product_card_gallery_68C7TN":{"type":"_product-card-gallery","name":"t:names.product_card_media","settings":{"image_ratio":"landscape","border":"solid","border_width":0,"border_opacity":0,"border_radius":0,"padding-block-start":0,"padding-block-end":0,"padding-inline-start":0,"padding-inline-end":0},"blocks":{}},"group_JNegy4":{"type":"_product-card-group","name":"t:names.group","settings":{"content_direction":"column","vertical_on_mobile":true,"horizontal_alignment":"space-between","vertical_alignment":"flex-start","align_baseline":false,"horizontal_alignment_flex_direction_column":"flex-start","vertical_alignment_flex_direction_column":"space-between","gap":4,"width":"fill","custom_width":100,"width_mobile":"fill","custom_width_mobile":100,"height":"fit","custom_height":100,"inherit_color_scheme":false,"color_scheme":"scheme-2","background_media":"none","video_position":"cover","background_image_position":"cover","border":"none","border_width":1,"border_opacity":100,"border_radius":0,"toggle_overlay":false,"overlay_color":"#00000026","overlay_style":"solid","gradient_direction":"to top","link":"","open_in_new_tab":false,"padding-block-start":12,"padding-block-end":12,"padding-inline-start":12,"padding-inline-end":12},"blocks":{"group_i9KeQ7":{"type":"_product-card-group","name":"t:names.group","settings":{"content_direction":"row","vertical_on_mobile":true,"horizontal_alignment":"space-between","vertical_alignment":"center","align_baseline":false,"horizontal_alignment_flex_direction_column":"flex-start","vertical_alignment_flex_direction_column":"flex-start","gap":8,"width":"fill","custom_width":75,"width_mobile":"fill","custom_width_mobile":75,"height":"fit","custom_height":100,"inherit_color_scheme":true,"color_scheme":"","background_media":"none","video_position":"cover","background_image_position":"cover","border":"none","border_width":1,"border_opacity":100,"border_radius":0,"toggle_overlay":false,"overlay_color":"#00000026","overlay_style":"solid","gradient_direction":"to top","link":"","open_in_new_tab":false,"padding-block-start":0,"padding-block-end":0,"padding-inline-start":0,"padding-inline-end":0},"blocks":{"product_title_X4Hxci":{"type":"product-title","name":"t:names.product_title","settings":{"width":"fit-content","max_width":"normal","alignment":"left","type_preset":"h5","font":"var(--font-body--family)","font_size":"1rem","line_height":"normal","letter_spacing":"normal","case":"none","wrap":"pretty","color":"var(--color-foreground)","background":false,"background_color":"#00000026","corner_radius":0,"padding-block-start":0,"padding-block-end":0,"padding-inline-start":0,"padding-inline-end":0},"blocks":{}},"price_r3D933":{"type":"price","name":"t:names.product_price","settings":{"show_sale_price_first":true,"show_installments":false,"show_tax_info":false,"type_preset":"paragraph","width":"fit-content","alignment":"right","font":"var(--font-body--family)","font_size":"1rem","line_height":"normal","letter_spacing":"normal","case":"none","color":"var(--color-foreground)","padding-block-start":0,"padding-block-end":0,"padding-inline-start":0,"padding-inline-end":0},"blocks":{}}},"block_order":["product_title_X4Hxci","price_r3D933"]},"group_HnURV7":{"type":"_product-card-group","name":"t:names.group","settings":{"content_direction":"column","vertical_on_mobile":true,"horizontal_alignment":"flex-start","vertical_alignment":"center","align_baseline":false,"horizontal_alignment_flex_direction_column":"flex-start","vertical_alignment_flex_direction_column":"flex-start","gap":12,"width":"fit-content","custom_width":100,"width_mobile":"fill","custom_width_mobile":25,"height":"fit","custom_height":100,"inherit_color_scheme":true,"color_scheme":"","background_media":"none","video_position":"cover","background_image_position":"cover","border":"none","border_width":1,"border_opacity":100,"border_radius":0,"toggle_overlay":false,"overlay_color":"#00000026","overlay_style":"solid","gradient_direction":"to top","link":"","open_in_new_tab":false,"padding-block-start":0,"padding-block-end":0,"padding-inline-start":0,"padding-inline-end":0},"blocks":{"text_yYkK7E":{"type":"text","name":"t:names.text","settings":{"text":"<p>{{ closest.product.metafields.descriptors.subtitle.value }}<\/p>","width":"fit-content","max_width":"none","alignment":"left","type_preset":"custom","font":"var(--font-primary--family)","font_size":"var(--font-size--body-md)","line_height":"normal","letter_spacing":"normal","case":"none","wrap":"pretty","color":"","background":false,"background_color":"#00000026","corner_radius":0,"padding-block-start":0,"padding-block-end":0,"padding-inline-start":0,"padding-inline-end":0},"blocks":{}}},"block_order":["text_yYkK7E"]}},"block_order":["group_i9KeQ7","group_HnURV7"]}},"block_order":["product_card_gallery_68C7TN","group_JNegy4"]}},"settings":{"layout_type":"grid","product_card_size":"large","mobile_product_card_size":"small","product_grid_width":"full-width","full_width_on_mobile":true,"columns_gap_horizontal":1,"columns_gap_vertical":1,"padding-inline-start":0,"padding-inline-end":0,"color_scheme":"","padding-block-start":0,"padding-block-end":1}}},"order":["section","main"]}