{"sections":{"main":{"type":"main-page","blocks":{"heading":{"type":"text","name":"Title","settings":{"text":"<h1>{{ closest.page.title }}<\/h1>","width":"100%","max_width":"normal","alignment":"left","type_preset":"h2","font":"var(--font-body--family)","font_size":"1rem","line_height":"normal","letter_spacing":"normal","case":"none","wrap":"pretty","color":"var(--color-foreground)","background":false,"background_color":"#00000026","corner_radius":0,"padding-block-start":0,"padding-block-end":0,"padding-inline-start":0,"padding-inline-end":0},"blocks":{}},"page-content":{"type":"page-content","settings":{},"blocks":{}}},"block_order":["heading","page-content"],"settings":{"content_direction":"column","gap":0,"color_scheme":"","padding-block-start":40,"padding-block-end":18}},"section_aghxw3":{"type":"section","blocks":{"group_NNbNGU":{"type":"group","name":"Column","settings":{"content_direction":"column","vertical_on_mobile":true,"horizontal_alignment":"flex-start","vertical_alignment":"center","align_baseline":false,"horizontal_alignment_flex_direction_column":"flex-start","vertical_alignment_flex_direction_column":"flex-start","gap":8,"width":"fill","custom_width":100,"width_mobile":"fill","custom_width_mobile":100,"height":"fit","custom_height":100,"inherit_color_scheme":true,"color_scheme":"","background_media":"none","video_position":"cover","background_image_position":"cover","border":"none","border_width":1,"border_opacity":100,"border_radius":0,"toggle_overlay":false,"overlay_color":"#00000026","overlay_style":"solid","gradient_direction":"to top","link":"","open_in_new_tab":false,"placeholder":"","padding-block-start":10,"padding-block-end":0,"padding-inline-start":0,"padding-inline-end":0},"blocks":{"text_EzK9pW":{"type":"text","name":"Heading","settings":{"text":"<h3>Christie Willet, Founder & CEo<\/h3>","width":"100%","max_width":"normal","alignment":"center","type_preset":"h4","font":"var(--font-body--family)","font_size":"1rem","line_height":"normal","letter_spacing":"normal","case":"none","wrap":"pretty","color":"var(--color-foreground)","background":false,"background_color":"#00000026","corner_radius":0,"padding-block-start":0,"padding-block-end":0,"padding-inline-start":0,"padding-inline-end":0},"blocks":{}},"image_rL6jRF":{"type":"image","name":"t:names.image","settings":{"image":"shopify:\/\/shop_images\/kristen1.jpg","link":"","image_ratio":"adapt","width":"fill","custom_width":100,"width_mobile":"fill","custom_width_mobile":100,"height":"fit","border":"none","border_width":1,"border_opacity":100,"border_radius":0,"padding-block-start":0,"padding-block-end":0,"padding-inline-start":0,"padding-inline-end":0},"blocks":{}},"text_PJVY3E":{"type":"text","name":"Description","settings":{"text":"<p>Christie Willett is the visionary behind Waggin Meals Pet Nutrition Co. As a Integrative Animal Nutritionist specializing in Canines, she is a passionate advocate for pet wellness, Christie has built a brand rooted in compassion, science, and a deep love for animals. Her mission is simple yet powerful: to improve the lives of dogs through real, nutritious food.<\/p><p>Christie’s journey is as inspiring as it is diverse. Raised in the mountains of Western North Carolina, she grew up traveling with her parents—her father, a minister, and her mother, a gospel singer—performing in a family gospel group. That early foundation of faith, resilience, and service shaped her into the dynamic leader she is today.<\/p><p>Before founding Waggin Meals, Christie explored a wide range of fields, including human services, criminal case law management, and architectural design. But her path took a deeply personal turn after the loss of her mother to non-alcoholic cirrhosis of the liver—a condition that also unexpectedly claimed the life of her oldest dog, Jack. Fueled by grief and determination, Christie dove into the world of nutrition, determined to make a difference.<\/p><p>What began in her kitchen quickly grew into a full-fledged business. Christie opened a farm shop on her property, followed by a second location in Key West, Florida. Today, Waggin Meals ships nationwide, delivering handcrafted, nutrient-rich meals to dogs across the country.<\/p><p>Christie works closely with local rescues and adoption agencies, and she’s known for her hands-on approach with customers—developing personalized meal plans tailored to each dog’s unique needs. She also consults one-on-one with pet owners in <strong>clinical animal nutrition<\/strong>, helping address complex health concerns through targeted, science-based dietary strategies.<\/p><p>She teaches animal nutrition both nationally and internationally, with a focus on canine health. Her research centers on critical topics such as animal feed, obesity, stress, and gestation.<\/p><p>Christie earned her <strong>Master’s degree in Animal Science with a focus in nutrition<\/strong> from the <strong>University of Tennessee<\/strong>, and is currently pursuing her <strong>PhD in Animal Science<\/strong>, further deepening her expertise and commitment to improving pet health through nutrition.<\/p><p>On her days off, you’ll find her enjoying time with her husband Tres, their three beloved pups—Jax, Lil’ J, and Jasmine—and her newest pride and joy: <strong>her grandbaby Jovi<\/strong>, lovingly known as “Yaya’s girl.”<\/p><p><strong>Christie’s Philosophy:<\/strong><br\/><em>“The emphasis on nutrition is often overlooked in today’s veterinary health-care system. At Waggin Meals, I’m committed to giving pet owners the full spectrum of options to maintain—or restore—their pet’s health through integrative, science-based nutrition. What would happen if the world of integrative nutrition collided with Western veterinary medicine? We need to be the future—not the past—where pet food in the United States is still classified as ‘feed.’ That’s like eating fast food every day instead of preparing fresh meals at home. With the rise in cancer, obesity, liver disease, and gastritis in pets, it’s time to use food as the first step toward healing—before pharmaceuticals and supplements.”<\/em><\/p>","width":"100%","max_width":"normal","alignment":"center","type_preset":"rte","font":"var(--font-body--family)","font_size":"1rem","line_height":"normal","letter_spacing":"normal","case":"none","wrap":"pretty","color":"var(--color-foreground)","background":false,"background_color":"#00000026","corner_radius":0,"padding-block-start":0,"padding-block-end":0,"padding-inline-start":0,"padding-inline-end":0},"blocks":{}}},"block_order":["text_EzK9pW","image_rL6jRF","text_PJVY3E"]},"group_dNpjBK":{"type":"group","name":"Column","settings":{"content_direction":"column","vertical_on_mobile":true,"horizontal_alignment":"flex-start","vertical_alignment":"center","align_baseline":false,"horizontal_alignment_flex_direction_column":"flex-start","vertical_alignment_flex_direction_column":"flex-start","gap":8,"width":"fill","custom_width":100,"width_mobile":"fill","custom_width_mobile":100,"height":"fit","custom_height":100,"inherit_color_scheme":true,"color_scheme":"","background_media":"none","video_position":"cover","background_image_position":"cover","border":"none","border_width":1,"border_opacity":100,"border_radius":0,"toggle_overlay":false,"overlay_color":"#00000026","overlay_style":"solid","gradient_direction":"to top","link":"","open_in_new_tab":false,"placeholder":"","padding-block-start":10,"padding-block-end":0,"padding-inline-start":0,"padding-inline-end":0},"blocks":{"text_mqVxD9":{"type":"text","name":"Heading","settings":{"text":"<h3>Trés Naquin, Chief Financial Officer & Director of Sales<\/h3>","width":"100%","max_width":"normal","alignment":"center","type_preset":"h4","font":"var(--font-body--family)","font_size":"1rem","line_height":"normal","letter_spacing":"normal","case":"none","wrap":"pretty","color":"var(--color-foreground)","background":false,"background_color":"#00000026","corner_radius":0,"padding-block-start":0,"padding-block-end":0,"padding-inline-start":0,"padding-inline-end":0},"blocks":{}},"image_QixLdJ":{"type":"image","name":"t:names.image","settings":{"image":"shopify:\/\/shop_images\/tres_c59eacf2-c332-4fae-8d96-88db0c3dbb46.jpg","link":"","image_ratio":"adapt","width":"fill","custom_width":100,"width_mobile":"fill","custom_width_mobile":100,"height":"fit","border":"none","border_width":1,"border_opacity":100,"border_radius":0,"padding-block-start":0,"padding-block-end":0,"padding-inline-start":0,"padding-inline-end":0},"blocks":{}},"text_fztLEd":{"type":"text","name":"Description","settings":{"text":"<p>Tres Naquin is the Chief Financial Officer and Director of Sales at Waggin Meals—and the strong, steady backbone of the company. Whether it’s managing finances, overseeing production, handling construction, or driving sales, Tres is the go-to guy who keeps everything running smoothly. He’s also the mastermind behind our shipping logistics, personally inspecting every package that leaves our Alexander shop to ensure it meets Waggin Meals’ high standards.<\/p><p>Born and raised in the culturally rich city of New Orleans, Louisiana, Tres grew up in the restaurant business, where his family owned and operated a successful eatery just outside the city. That early exposure to food, flavor, and hard work laid the foundation for his future. He attended Archbishop Shaw Catholic School and later earned his Bachelor’s degree in Business Management from <strong>Our Lady of Holy Cross College<\/strong>.<\/p><p>In addition to his role at Waggin Meals, Tres continues to serve as the Commercial Sales Manager in his family’s natural stone business. His diverse background brings a unique blend of business acumen and hands-on know-how to the team.<\/p><p>But ask Tres what his most important role is, and he’ll tell you without hesitation: being a husband to Christie Willett, the founder of Waggin Meals.<\/p><p>Around the shop, Tres is known as the jokester, the personal chef, and the guy who always makes sure the team is well-fed—whether it’s with his famous gumbo, muffalettas, chicken parmesan, or just a perfectly brewed cup of coffee. He’s also the skilled hands behind every hand-rolled meatball—our best-selling product!<\/p><p><strong>His motto?<\/strong> <em>“Nobody can compare to the quality of food we make for the dogs.”<\/em><\/p>","width":"100%","max_width":"normal","alignment":"center","type_preset":"rte","font":"var(--font-body--family)","font_size":"1rem","line_height":"normal","letter_spacing":"normal","case":"none","wrap":"pretty","color":"var(--color-foreground)","background":false,"background_color":"#00000026","corner_radius":0,"padding-block-start":0,"padding-block-end":0,"padding-inline-start":0,"padding-inline-end":0},"blocks":{}}},"block_order":["text_mqVxD9","image_QixLdJ","text_fztLEd"]},"group_pxMQcR":{"type":"group","name":"Column","disabled":true,"settings":{"content_direction":"column","vertical_on_mobile":true,"horizontal_alignment":"flex-start","vertical_alignment":"center","align_baseline":false,"horizontal_alignment_flex_direction_column":"flex-start","vertical_alignment_flex_direction_column":"flex-start","gap":8,"width":"fill","custom_width":100,"width_mobile":"fill","custom_width_mobile":100,"height":"fit","custom_height":100,"inherit_color_scheme":true,"color_scheme":"","background_media":"none","video_position":"cover","background_image_position":"cover","border":"none","border_width":1,"border_opacity":100,"border_radius":0,"toggle_overlay":false,"overlay_color":"#00000026","overlay_style":"solid","gradient_direction":"to top","link":"","open_in_new_tab":false,"placeholder":"","padding-block-start":10,"padding-block-end":0,"padding-inline-start":0,"padding-inline-end":0},"blocks":{"text_QBxmPK":{"type":"text","name":"Heading","settings":{"text":"<h3>Christie Willet<\/h3>","width":"100%","max_width":"normal","alignment":"center","type_preset":"h4","font":"var(--font-body--family)","font_size":"1rem","line_height":"normal","letter_spacing":"normal","case":"none","wrap":"pretty","color":"var(--color-foreground)","background":false,"background_color":"#00000026","corner_radius":0,"padding-block-start":0,"padding-block-end":0,"padding-inline-start":0,"padding-inline-end":0},"blocks":{}},"image_4JLtpt":{"type":"image","name":"t:names.image","settings":{"image":"shopify:\/\/shop_images\/kristen1.jpg","link":"","image_ratio":"adapt","width":"fill","custom_width":100,"width_mobile":"fill","custom_width_mobile":100,"height":"fit","border":"none","border_width":1,"border_opacity":100,"border_radius":0,"padding-block-start":0,"padding-block-end":0,"padding-inline-start":0,"padding-inline-end":0},"blocks":{}},"text_UzmeaN":{"type":"text","name":"Description","settings":{"text":"<p>Christie Willett is the visionary behind Waggin Meals Pet Nutrition Co. As a Integrative Animal Nutritionist specializing in Canines, she is a passionate advocate for pet wellness, Christie has built a brand rooted in compassion, science, and a deep love for animals. Her mission is simple yet powerful: to improve the lives of dogs through real, nutritious food.<\/p><p>Christie’s journey is as inspiring as it is diverse. Raised in the mountains of Western North Carolina, she grew up traveling with her parents—her father, a minister, and her mother, a gospel singer—performing in a family gospel group. That early foundation of faith, resilience, and service shaped her into the dynamic leader she is today.<\/p><p>Before founding Waggin Meals, Christie explored a wide range of fields, including human services, criminal case law management, and architectural design. But her path took a deeply personal turn after the loss of her mother to non-alcoholic cirrhosis of the liver—a condition that also unexpectedly claimed the life of her oldest dog, Jack. Fueled by grief and determination, Christie dove into the world of nutrition, determined to make a difference.<\/p><p>What began in her kitchen quickly grew into a full-fledged business. Christie opened a farm shop on her property, followed by a second location in Key West, Florida. Today, Waggin Meals ships nationwide, delivering handcrafted, nutrient-rich meals to dogs across the country.<\/p><p>Christie works closely with local rescues and adoption agencies, and she’s known for her hands-on approach with customers—developing personalized meal plans tailored to each dog’s unique needs. She also consults one-on-one with pet owners in <strong>clinical animal nutrition<\/strong>, helping address complex health concerns through targeted, science-based dietary strategies.<\/p><p>She teaches animal nutrition both nationally and internationally, with a focus on canine health. Her research centers on critical topics such as animal feed, obesity, stress, and gestation.<\/p><p>Christie earned her <strong>Master’s degree in Animal Science with a focus in nutrition<\/strong> from the <strong>University of Tennessee<\/strong>, and is currently pursuing her <strong>PhD in Animal Science<\/strong>, further deepening her expertise and commitment to improving pet health through nutrition.<\/p><p>On her days off, you’ll find her enjoying time with her husband Tres, their three beloved pups—Jax, Lil’ J, and Jasmine—and her newest pride and joy: <strong>her grandbaby Jovi<\/strong>, lovingly known as “Yaya’s girl.”<\/p><p><strong>Christie’s Philosophy:<\/strong><br\/><em>“The emphasis on nutrition is often overlooked in today’s veterinary health-care system. At Waggin Meals, I’m committed to giving pet owners the full spectrum of options to maintain—or restore—their pet’s health through integrative, science-based nutrition. What would happen if the world of integrative nutrition collided with Western veterinary medicine? We need to be the future—not the past—where pet food in the United States is still classified as ‘feed.’ That’s like eating fast food every day instead of preparing fresh meals at home. With the rise in cancer, obesity, liver disease, and gastritis in pets, it’s time to use food as the first step toward healing—before pharmaceuticals and supplements.”<\/em><\/p>","width":"100%","max_width":"normal","alignment":"center","type_preset":"rte","font":"var(--font-body--family)","font_size":"1rem","line_height":"normal","letter_spacing":"normal","case":"none","wrap":"pretty","color":"var(--color-foreground)","background":false,"background_color":"#00000026","corner_radius":0,"padding-block-start":0,"padding-block-end":0,"padding-inline-start":0,"padding-inline-end":0},"blocks":{}}},"block_order":["text_QBxmPK","image_4JLtpt","text_UzmeaN"]}},"block_order":["group_NNbNGU","group_dNpjBK","group_pxMQcR"],"name":"t:names.multicolumn","settings":{"content_direction":"row","vertical_on_mobile":true,"horizontal_alignment":"flex-start","vertical_alignment":"flex-start","align_baseline":false,"horizontal_alignment_flex_direction_column":"flex-start","vertical_alignment_flex_direction_column":"center","gap":16,"section_width":"page-width","section_height":"","section_height_custom":50,"color_scheme":"","background_media":"none","video_position":"cover","background_image_position":"cover","border":"none","border_width":1,"border_opacity":100,"border_radius":0,"toggle_overlay":false,"overlay_color":"#00000026","overlay_style":"solid","gradient_direction":"to top","padding-block-start":48,"padding-block-end":48}},"section_qQFHVw":{"type":"section","blocks":{"text_4n4dtK":{"type":"text","name":"t:names.heading","settings":{"text":"<h2>A Glimpse Into Our Kitchen & Farm Shop<\/h2>","width":"fit-content","max_width":"normal","alignment":"left","type_preset":"rte","font":"var(--font-body--family)","font_size":"1rem","line_height":"normal","letter_spacing":"normal","case":"none","wrap":"pretty","color":"var(--color-foreground)","background":false,"background_color":"#00000026","corner_radius":0,"padding-block-start":0,"padding-block-end":0,"padding-inline-start":0,"padding-inline-end":0},"blocks":{}},"text_PpFAKF":{"type":"text","name":"t:names.text","settings":{"text":"","width":"fit-content","max_width":"normal","alignment":"left","type_preset":"rte","font":"var(--font-body--family)","font_size":"1rem","line_height":"normal","letter_spacing":"normal","case":"none","wrap":"pretty","color":"var(--color-foreground)","background":false,"background_color":"#00000026","corner_radius":0,"padding-block-start":0,"padding-block-end":0,"padding-inline-start":0,"padding-inline-end":0},"blocks":{}}},"block_order":["text_4n4dtK","text_PpFAKF"],"name":"t:names.rich_text_section","settings":{"content_direction":"column","vertical_on_mobile":true,"horizontal_alignment":"flex-start","vertical_alignment":"center","align_baseline":false,"horizontal_alignment_flex_direction_column":"center","vertical_alignment_flex_direction_column":"center","gap":25,"section_width":"page-width","section_height":"","section_height_custom":50,"color_scheme":"","background_media":"none","video_position":"cover","background_image_position":"cover","border":"none","border_width":1,"border_opacity":100,"border_radius":0,"toggle_overlay":false,"overlay_color":"#00000026","overlay_style":"solid","gradient_direction":"to top","padding-block-start":0,"padding-block-end":0}},"slideshow_Ec4Bm6":{"type":"slideshow","blocks":{"slide_kVyCJk":{"type":"_slide","settings":{"media_type_1":"image","image_1":"shopify:\/\/shop_images\/siders1.jpg","content_direction":"column","vertical_on_mobile":true,"horizontal_alignment":"flex-start","vertical_alignment":"center","align_baseline":false,"horizontal_alignment_flex_direction_column":"center","vertical_alignment_flex_direction_column":"center","gap":12,"inherit_color_scheme":true,"color_scheme":"","toggle_overlay":false,"overlay_color":"#00000026","overlay_style":"solid","gradient_direction":"to top","padding-block-start":0,"padding-block-end":0,"padding-inline-start":0,"padding-inline-end":0},"blocks":{"group_pdxKKN":{"type":"group","settings":{"content_direction":"column","vertical_on_mobile":true,"horizontal_alignment":"flex-start","vertical_alignment":"center","align_baseline":false,"horizontal_alignment_flex_direction_column":"center","vertical_alignment_flex_direction_column":"center","gap":12,"width":"custom","custom_width":50,"width_mobile":"custom","custom_width_mobile":85,"height":"fit","custom_height":100,"inherit_color_scheme":false,"color_scheme":"scheme-6","background_media":"none","video_position":"cover","background_image_position":"cover","border":"none","border_width":1,"border_opacity":100,"border_radius":0,"toggle_overlay":false,"overlay_color":"#00000026","overlay_style":"solid","gradient_direction":"to top","link":"","open_in_new_tab":false,"placeholder":"","padding-block-start":48,"padding-block-end":48,"padding-inline-start":48,"padding-inline-end":48},"blocks":{"text_DKxyEi":{"type":"text","disabled":true,"settings":{"text":"<h2>New arrivals<\/h2>","width":"fit-content","max_width":"normal","alignment":"left","type_preset":"rte","font":"var(--font-body--family)","font_size":"1rem","line_height":"normal","letter_spacing":"normal","case":"none","wrap":"pretty","color":"var(--color-foreground)","background":false,"background_color":"#00000026","corner_radius":0,"padding-block-start":0,"padding-block-end":0,"padding-inline-start":0,"padding-inline-end":0},"blocks":{}},"text_BXmxEc":{"type":"text","disabled":true,"settings":{"text":"<p>Introducing our latest products, made especially for the season. Shop your favorites before they're gone!<\/p>","width":"fit-content","max_width":"normal","alignment":"left","type_preset":"rte","font":"var(--font-body--family)","font_size":"1rem","line_height":"normal","letter_spacing":"normal","case":"none","wrap":"pretty","color":"var(--color-foreground)","background":false,"background_color":"#00000026","corner_radius":0,"padding-block-start":0,"padding-block-end":20,"padding-inline-start":0,"padding-inline-end":0},"blocks":{}},"button_cKBGC9":{"type":"button","disabled":true,"settings":{"label":"Shop now","link":"shopify:\/\/collections\/all","open_in_new_tab":false,"style_class":"button","width":"fit-content","custom_width":100,"width_mobile":"fit-content","custom_width_mobile":100},"blocks":{}}},"block_order":["text_DKxyEi","text_BXmxEc","button_cKBGC9"]}},"block_order":["group_pdxKKN"]},"slide_xU9Vp8":{"type":"_slide","settings":{"media_type_1":"image","image_1":"shopify:\/\/shop_images\/siders3.jpg","content_direction":"column","vertical_on_mobile":true,"horizontal_alignment":"flex-start","vertical_alignment":"center","align_baseline":false,"horizontal_alignment_flex_direction_column":"center","vertical_alignment_flex_direction_column":"center","gap":12,"inherit_color_scheme":true,"color_scheme":"","toggle_overlay":false,"overlay_color":"#00000026","overlay_style":"solid","gradient_direction":"to top","padding-block-start":0,"padding-block-end":0,"padding-inline-start":0,"padding-inline-end":0},"blocks":{"group_AUDrbK":{"type":"group","settings":{"content_direction":"column","vertical_on_mobile":true,"horizontal_alignment":"flex-start","vertical_alignment":"center","align_baseline":false,"horizontal_alignment_flex_direction_column":"center","vertical_alignment_flex_direction_column":"center","gap":12,"width":"custom","custom_width":50,"width_mobile":"custom","custom_width_mobile":85,"height":"fit","custom_height":100,"inherit_color_scheme":false,"color_scheme":"scheme-6","background_media":"none","video_position":"cover","background_image_position":"cover","border":"none","border_width":1,"border_opacity":100,"border_radius":0,"toggle_overlay":false,"overlay_color":"#00000026","overlay_style":"solid","gradient_direction":"to top","link":"","open_in_new_tab":false,"placeholder":"","padding-block-start":48,"padding-block-end":48,"padding-inline-start":48,"padding-inline-end":48},"blocks":{"text_HxDkjP":{"type":"text","disabled":true,"settings":{"text":"<h2>New arrivals<\/h2>","width":"fit-content","max_width":"normal","alignment":"left","type_preset":"rte","font":"var(--font-body--family)","font_size":"1rem","line_height":"normal","letter_spacing":"normal","case":"none","wrap":"pretty","color":"var(--color-foreground)","background":false,"background_color":"#00000026","corner_radius":0,"padding-block-start":0,"padding-block-end":0,"padding-inline-start":0,"padding-inline-end":0},"blocks":{}},"text_4K6dHq":{"type":"text","disabled":true,"settings":{"text":"<p>Introducing our latest products, made especially for the season. Shop your favorites before they're gone!<\/p>","width":"fit-content","max_width":"normal","alignment":"left","type_preset":"rte","font":"var(--font-body--family)","font_size":"1rem","line_height":"normal","letter_spacing":"normal","case":"none","wrap":"pretty","color":"var(--color-foreground)","background":false,"background_color":"#00000026","corner_radius":0,"padding-block-start":0,"padding-block-end":20,"padding-inline-start":0,"padding-inline-end":0},"blocks":{}},"button_DFygjx":{"type":"button","disabled":true,"settings":{"label":"Shop now","link":"shopify:\/\/collections\/all","open_in_new_tab":false,"style_class":"button","width":"fit-content","custom_width":100,"width_mobile":"fit-content","custom_width_mobile":100},"blocks":{}}},"block_order":["text_HxDkjP","text_4K6dHq","button_DFygjx"]}},"block_order":["group_AUDrbK"]},"slide_7Gh7wp":{"type":"_slide","settings":{"media_type_1":"image","image_1":"shopify:\/\/shop_images\/siders2.jpg","content_direction":"column","vertical_on_mobile":true,"horizontal_alignment":"flex-start","vertical_alignment":"center","align_baseline":false,"horizontal_alignment_flex_direction_column":"center","vertical_alignment_flex_direction_column":"center","gap":12,"inherit_color_scheme":true,"color_scheme":"","toggle_overlay":false,"overlay_color":"#00000026","overlay_style":"solid","gradient_direction":"to top","padding-block-start":0,"padding-block-end":0,"padding-inline-start":0,"padding-inline-end":0},"blocks":{"group_LmWfWM":{"type":"group","settings":{"content_direction":"column","vertical_on_mobile":true,"horizontal_alignment":"flex-start","vertical_alignment":"center","align_baseline":false,"horizontal_alignment_flex_direction_column":"center","vertical_alignment_flex_direction_column":"center","gap":12,"width":"custom","custom_width":50,"width_mobile":"custom","custom_width_mobile":85,"height":"fit","custom_height":100,"inherit_color_scheme":false,"color_scheme":"scheme-6","background_media":"none","video_position":"cover","background_image_position":"cover","border":"none","border_width":1,"border_opacity":100,"border_radius":0,"toggle_overlay":false,"overlay_color":"#00000026","overlay_style":"solid","gradient_direction":"to top","link":"","open_in_new_tab":false,"placeholder":"","padding-block-start":48,"padding-block-end":48,"padding-inline-start":48,"padding-inline-end":48},"blocks":{"text_6VeeVg":{"type":"text","disabled":true,"settings":{"text":"<h2>New arrivals<\/h2>","width":"fit-content","max_width":"normal","alignment":"left","type_preset":"rte","font":"var(--font-body--family)","font_size":"1rem","line_height":"normal","letter_spacing":"normal","case":"none","wrap":"pretty","color":"var(--color-foreground)","background":false,"background_color":"#00000026","corner_radius":0,"padding-block-start":0,"padding-block-end":0,"padding-inline-start":0,"padding-inline-end":0},"blocks":{}},"text_nkndU3":{"type":"text","disabled":true,"settings":{"text":"<p>Introducing our latest products, made especially for the season. Shop your favorites before they're gone!<\/p>","width":"fit-content","max_width":"normal","alignment":"left","type_preset":"rte","font":"var(--font-body--family)","font_size":"1rem","line_height":"normal","letter_spacing":"normal","case":"none","wrap":"pretty","color":"var(--color-foreground)","background":false,"background_color":"#00000026","corner_radius":0,"padding-block-start":0,"padding-block-end":20,"padding-inline-start":0,"padding-inline-end":0},"blocks":{}},"button_WyLfTQ":{"type":"button","disabled":true,"settings":{"label":"Shop now","link":"shopify:\/\/collections\/all","open_in_new_tab":false,"style_class":"button","width":"fit-content","custom_width":100,"width_mobile":"fit-content","custom_width_mobile":100},"blocks":{}}},"block_order":["text_6VeeVg","text_nkndU3","button_WyLfTQ"]}},"block_order":["group_LmWfWM"]}},"block_order":["slide_kVyCJk","slide_xU9Vp8","slide_7Gh7wp"],"name":"t:names.slideshow","settings":{"icons_style":"arrows_large","slideshow_controls_style":"dots","color_scheme":"","autoplay":false,"autoplay_speed":4,"section_width":"page-width","slide_height":"large","padding-block-start":0,"padding-block-end":0}}},"order":["main","section_aghxw3","section_qQFHVw","slideshow_Ec4Bm6"]}