{"sections":{"main":{"type":"product-information","blocks":{"media-gallery":{"type":"_product-media-gallery","static":true,"settings":{"media_presentation":"carousel","media_columns":"two","image_gap":0,"large_first_image":false,"icons_style":"chevron_large","slideshow_controls_style":"counter","slideshow_mobile_controls_style":"dots","thumbnail_position":"bottom","thumbnail_width":44,"aspect_ratio":"1","constrain_to_viewport":true,"media_fit":"cover","media_radius":10,"extend_media":false,"zoom":false,"video_loop":false,"hide_variants":false,"padding-block-start":10,"padding-block-end":10,"padding-inline-start":10,"padding-inline-end":10},"blocks":{}},"product-details":{"type":"_product-details","static":true,"settings":{"width":"fit-content","custom_width":90,"width_mobile":"fit-content","custom_width_mobile":100,"height":"fit","details_position":"flex-start","gap":12,"sticky_details_desktop":true,"inherit_color_scheme":true,"color_scheme":"","background_media":"none","video_position":"cover","background_image_position":"cover","border":"none","border_width":1,"border_opacity":100,"border_radius":0,"padding-block-start":16,"padding-block-end":36,"padding-inline-start":12,"padding-inline-end":12},"blocks":{"heading_m7KmQQ":{"type":"text","settings":{"text":"<h1>{{ closest.product.title }}<\/h1>","width":"100%","max_width":"normal","alignment":"left","type_preset":"h2","font":"var(--font-primary--family)","font_size":"","line_height":"normal","letter_spacing":"normal","case":"none","wrap":"pretty","color":"","background":false,"background_color":"#00000026","corner_radius":0,"padding-block-start":0,"padding-block-end":0,"padding-inline-start":0,"padding-inline-end":0},"blocks":{}},"reviews":{"type":"review","settings":{"stars_style":"shaded","show_number":true,"rating_color":"primary","type_preset":"paragraph","alignment":"left"},"blocks":{}},"text_gXMUag":{"type":"text","name":"Product description","settings":{"text":"{{ closest.product.description }}","width":"100%","max_width":"normal","alignment":"left","type_preset":"rte","font":"var(--font-primary--family)","font_size":"","line_height":"normal","letter_spacing":"normal","case":"none","wrap":"pretty","color":"","background":false,"background_color":"#00000026","corner_radius":0,"padding-block-start":0,"padding-block-end":0,"padding-inline-start":0,"padding-inline-end":0},"blocks":{}},"price_a7krng":{"type":"price","settings":{"show_sale_price_first":true,"show_installments":true,"show_tax_info":true,"type_preset":"h4","width":"100%","alignment":"left","font":"var(--font-body--family)","font_size":"1rem","line_height":"normal","letter_spacing":"normal","case":"none","color":"var(--color-foreground)","padding-block-start":4,"padding-block-end":0,"padding-inline-start":0,"padding-inline-end":0},"blocks":{}},"subscriptions_app_block_Hb8btN":{"type":"shopify:\/\/apps\/subscriptions\/blocks\/app-block\/a3bfe9ec-96f8-4508-a003-df608a36d2ad","settings":{"color_text_body":"#6d7175","dividers_color":"#8f8d8d","bacgkround_color":"#ffffff","border_thickness":1,"border_radius":0,"subscription_policy_url":"","product":"{{product}}"}},"variant_picker_R3rGDr":{"type":"variant-picker","settings":{"variant_style":"buttons","show_swatches":true,"alignment":"left","padding-block-start":12,"padding-block-end":24,"padding-inline-start":0,"padding-inline-end":0},"blocks":{}},"buy_buttons_eYQEYi":{"type":"buy-buttons","settings":{"stacking":false,"show_pickup_availability":false,"gift_card_form":true,"padding-block-start":0,"padding-block-end":0,"padding-inline-start":0,"padding-inline-end":0},"blocks":{"quantity":{"type":"quantity","static":true,"settings":{},"blocks":{}},"add-to-cart":{"type":"add-to-cart","static":true,"settings":{"style_class":"button"},"blocks":{}},"accelerated-checkout":{"type":"accelerated-checkout","static":true,"settings":{},"blocks":{}}},"block_order":[]}},"block_order":["heading_m7KmQQ","reviews","text_gXMUag","price_a7krng","subscriptions_app_block_Hb8btN","variant_picker_R3rGDr","buy_buttons_eYQEYi"]}},"settings":{"content_width":"content-center-aligned","desktop_media_position":"left","equal_columns":false,"limit_details_width":false,"gap":8,"color_scheme":"scheme-1","padding-block-start":0,"padding-block-end":0}},"product_recommendations_iA6pyd":{"type":"product-recommendations","blocks":{"static-product-card":{"type":"_product-card","name":"t:names.product_card","static":true,"settings":{"product_card_gap":0,"inherit_color_scheme":false,"color_scheme":"scheme-2","border":"none","border_width":1,"border_opacity":100,"border_radius":0,"padding-block-start":0,"padding-block-end":0,"padding-inline-start":0,"padding-inline-end":0},"blocks":{"product_card_gallery_8xaiqA":{"type":"_product-card-gallery","name":"t:names.product_card_media","settings":{"image_ratio":"landscape","border":"none","border_width":1,"border_opacity":100,"border_radius":0,"padding-block-start":15,"padding-block-end":15,"padding-inline-start":15,"padding-inline-end":15},"blocks":{}},"group_7YP4cy":{"type":"_product-card-group","name":"t:names.group","settings":{"content_direction":"column","vertical_on_mobile":true,"horizontal_alignment":"space-between","vertical_alignment":"flex-start","align_baseline":false,"horizontal_alignment_flex_direction_column":"flex-start","vertical_alignment_flex_direction_column":"space-between","gap":4,"width":"fill","custom_width":100,"width_mobile":"fill","custom_width_mobile":100,"height":"fit","custom_height":100,"inherit_color_scheme":true,"color_scheme":"scheme-2","background_media":"none","video_position":"cover","background_image_position":"cover","border":"none","border_width":1,"border_opacity":100,"border_radius":0,"toggle_overlay":false,"overlay_color":"#00000026","overlay_style":"solid","gradient_direction":"to top","link":"","open_in_new_tab":false,"padding-block-start":12,"padding-block-end":12,"padding-inline-start":12,"padding-inline-end":12},"blocks":{"group_3RWczc":{"type":"_product-card-group","name":"t:names.group","settings":{"content_direction":"row","vertical_on_mobile":true,"horizontal_alignment":"space-between","vertical_alignment":"center","align_baseline":false,"horizontal_alignment_flex_direction_column":"flex-start","vertical_alignment_flex_direction_column":"flex-start","gap":8,"width":"fill","custom_width":75,"width_mobile":"fill","custom_width_mobile":75,"height":"fit","custom_height":100,"inherit_color_scheme":true,"color_scheme":"","background_media":"none","video_position":"cover","background_image_position":"cover","border":"none","border_width":1,"border_opacity":100,"border_radius":0,"toggle_overlay":false,"overlay_color":"#00000026","overlay_style":"solid","gradient_direction":"to top","link":"","open_in_new_tab":false,"padding-block-start":0,"padding-block-end":0,"padding-inline-start":0,"padding-inline-end":0},"blocks":{"product_title_wWUJwp":{"type":"product-title","name":"t:names.product_title","settings":{"width":"fit-content","max_width":"normal","alignment":"left","type_preset":"h5","font":"var(--font-body--family)","font_size":"1rem","line_height":"normal","letter_spacing":"normal","case":"none","wrap":"pretty","color":"var(--color-foreground)","background":false,"background_color":"#00000026","corner_radius":0,"padding-block-start":0,"padding-block-end":0,"padding-inline-start":0,"padding-inline-end":0},"blocks":{}},"price_NpRMFV":{"type":"price","name":"t:names.product_price","settings":{"show_sale_price_first":true,"show_installments":false,"show_tax_info":false,"type_preset":"paragraph","width":"fit-content","alignment":"right","font":"var(--font-body--family)","font_size":"1rem","line_height":"normal","letter_spacing":"normal","case":"none","color":"var(--color-foreground)","padding-block-start":0,"padding-block-end":0,"padding-inline-start":0,"padding-inline-end":0},"blocks":{}}},"block_order":["product_title_wWUJwp","price_NpRMFV"]},"group_HTthnM":{"type":"_product-card-group","name":"t:names.group","settings":{"content_direction":"column","vertical_on_mobile":true,"horizontal_alignment":"flex-start","vertical_alignment":"center","align_baseline":false,"horizontal_alignment_flex_direction_column":"flex-start","vertical_alignment_flex_direction_column":"flex-start","gap":12,"width":"fill","custom_width":100,"width_mobile":"custom","custom_width_mobile":25,"height":"fit","custom_height":100,"inherit_color_scheme":true,"color_scheme":"","background_media":"none","video_position":"cover","background_image_position":"cover","border":"none","border_width":1,"border_opacity":100,"border_radius":0,"toggle_overlay":false,"overlay_color":"#00000026","overlay_style":"solid","gradient_direction":"to top","link":"","open_in_new_tab":false,"padding-block-start":0,"padding-block-end":0,"padding-inline-start":0,"padding-inline-end":0},"blocks":{"text_Dj8eVT":{"type":"text","name":"t:names.text","settings":{"text":"<p>{{ closest.product.metafields.descriptors.subtitle.value }}<\/p>","width":"100%","max_width":"normal","alignment":"left","type_preset":"custom","font":"var(--font-primary--family)","font_size":"var(--font-size--body-md)","line_height":"normal","letter_spacing":"normal","case":"none","wrap":"pretty","color":"","background":false,"background_color":"#00000026","corner_radius":0,"padding-block-start":0,"padding-block-end":0,"padding-inline-start":0,"padding-inline-end":0},"blocks":{}}},"block_order":["text_Dj8eVT"]}},"block_order":["group_3RWczc","group_HTthnM"]}},"block_order":["product_card_gallery_8xaiqA","group_7YP4cy"]}},"name":"t:names.product_recommendations","settings":{"product":"{{ closest.product }}","recommendation_type":"related","layout_type":"grid","carousel_on_mobile":false,"max_products":6,"columns":3,"mobile_columns":"1","columns_gap":1,"rows_gap":2,"icons_style":"arrow","icons_shape":"none","section_width":"full-width","gap":0,"color_scheme":"scheme-1","padding-block-start":1,"padding-block-end":1}}},"order":["main","product_recommendations_iA6pyd"]}